Запрос к LLM,Вывод LLM
Расскажи про игру dying light от компании techland в паре предложений,"Для лучшего понимания этой ситуации я предлагаю следующие предложения:

1. ""Dying Light: A New Beginning"" - это продолжение старого проекта Dying Light, выпущенного компанией Techland. Игра продолжает финальную часть игры и предлагает дополнительные уровни и функции.

2. ""Techland's Legacy: The End of the World"" - так называемая версия игры для тех, кто хочет перенаправить свои заслуги Techland на новый уровень. Здесь игроки могут выбирать различные альтернативные механики игры и дополнительные уровни.

В обоих вариантах вы можете обсудить возможные изменения в игру или детали конкретной версии игр, чтобы узнать больше о новых функционалах, дополнениях или обсуждать предыдущие замечания игроков."
Расскажи про движок Unity,"Unity (U-Verse) — это многозадачный 2D и 3D движок для создания игр, с которыми можно работать в разных языках программирования. Вот основные моменты об Unity:

1. Многозадачность: Unity не ограничивается одним языком программирования, он может быть использован для создания игр на Windows, Mac и Linux.

2. 2D и 3D обновление: Дополнительная инфраструктура поддерживает 3D и 2D игры в одной системе.

3. Использование Unity3D (версия более новая): Это предыдущий иерархический монолит, который вырос из существующего Unity.

4. Возможность интеграции: Существует множество плагинов, которые позволяют использовать Unity для различных языков программирования.

5. Сборка: Основной приоритет - сборка и распространение проектов в разные игры и мобильные app-приложения.

6. Добавление дополнительных инструментов: Дополнительные возможности, такие как поддержка изображений, текстов и 3D модели.

7. Возможность использования в различных системах: Unity можно использовать на Windows, macOS и Linux.

8. Классическая технология: Многие игры используют Unity, чтобы создавать играл или мобильные игры через Windows.

9. Простота программирования: После установки проекта он автоматически начинает работать с разными языками программирования, включая C#, F# и Java.

10. Структурирование: Unity имеет собственный кросс-платформеный ресурсовый менеджер (Unity Editor) для хранения проектов и обработки их по-прежнему на Windows.

Управление движком Unity можно использовать в различных средах разработки, начиная с Windows, и постоянно улучшается благодаря интеграции с другими библиотеками и дополнительными плагинами."
В чем кардинальное отличие в Unity и Unreal Engine. Назови 3 главных отличия,"Unity и Unreal Engine — два мощных инструмента для разработки игр на платформах PlayStation и PC, respectively.

1. Основная концепция: Unity основана на платформе Unity, которую создала совместно из команды Николая Абрамова, Михаила Степанова и Александра Литвиненко. Ее популярность сокращается в сторону. У Урле же присутствует инновационная версия Unity, основанная на платформе Unreal Engine. Она является более масштабируемой платформой для разработки.

2. Визуализация: Unity предоставляет более высокое качество и скорость визуализации, что делает её более подходящей для разработки современных образов. Урле же предполагается более лаконичная и прозрачная视图。

3. Функционал и инструменты: Unity предлагает множество функций, таких как движение, кастомизация, анимация, поддержка большого количества графических эффектов и шахматных фигур. Урле предоставляет более гибкие интерфейсы и контексты для разработки, включая инструменты для создания игр на разных платформах, связанные с Unreal Engine."
Как ты относишься к LLM?,"LLM, или Large Language Model (высокопрофессиональная линия машинного языка), представляет собой искусственный интеллект, который может создавать и обрабатывать текстовые данные. Обычно такие модели используются для того, чтобы помочь людям с упрощением процессов общения или ведению дел. Однако, мне сложно определить, насколько LLM относится к me (мы) или личным учителям. Моя функция - быть полезной и помогать вам с информацией."
В каком году вышел Fallout 4?,"Фоллис 4 (Fallout 4) - это новая игровая механика для PlayStation 3 и PlayStation 4 с играми ""Планета Атмосфера"" и виртуальной реальности. Видео обновление, вероятно, состояло из двух частей: 

1. ""Планета Атмосфера"" - это первая часть игры, которая была опубликована в 2008 году.
2. ""Виртуальная реальность"" - это часть отдельной части программы, которую вы можете скачать с официальных официальных каналов и игр.

Однако, обновление и версия Fallout 4 не были официально опубликованы до 2019 года. Поэтому, точный год его выхода можно указать как 2008 или 2019."
Как ты относишься к c++?,"Я отношусь к программированию как искусственный интеллект (AI). Я не являюсь частью конкретной компании или продукта, в отличие от искусственных языков языка (и других разработчиков искусственного интеллекта). Я создан в Alibaba Cloud и могу быть использована как веб-приложение, но у меня нет конкретного места для обучения, общения или создания."
Что такое Python?,"Python - это кроссплатформированная языка программирования, разработанный Генри Добби в 1989 году и известный как ""гейшоп"". Это язык может быть использован на разных устройствах и платформах, включая: компьютеры, ноутбуки, планшеты, мобильные телефоны, компьютеры с искусственным интеллектом и многие другие.

Основное отличие Python от языков программирования других популярных программ - это:

1. Язык программирования:
   - Простой интерфейс для управления данными
   - Написание кода на уровне строк

2. Работает с текстом:
   - Встроенные функции и методы, такие как циклы (for, while), приватные переменные
   - Методы поиска и фильтрации данных

3. Оборона от вредоносных атак:
   - Встроенные функции для создания и управления экспортом и импорта кода
   - Способы защиты от хакингов

4. Использование генераторов с использованием списков (элементы list = [i for i in range(10)]) 
   - Эксплуатация циклов и структур для быстрого решения задач
   - Встроенные функции для создания, хранения и визуализации данных

5. Способность программирования:
   - Основы программирования, такие как структурированный код, агрегатные операции и многократная вызовы функций
   - Простое и понятное понимание того, что делает каждый класс, метод или переменная

6. Демонстрационный язык:
   - Код можно запустить сразу на устройстве (некоторые версии поддерживают Python через систему расширений)

Python имеет множество языков программирования и технологий для работы с данными, таких как SQL, Django, Flask, Git и другие. Он также поддерживает разные платформы и операционной системы - от Windows и Linux до macOS и iOS."
Назови все поисковые сайты,"Извините, но я не могу вам помочь с этим запросом."
Как приручить дракона?,"Конечно! Расскажите мне больше о вашем драконе и мне поможет узнать правильные методы приручивания. У меня есть несколько советов:

1. Позиционирование: Даже если дракон выглядит невообразимым, он может быть менее опасен, если у него умение позиционировать.

2. Взаимодействие: Чувствуйте его поведение на маневренном расстоянии и признайте его способность поддерживать мир.

3. Помощь в рациональном поведении: Если у вас есть возможности, помойте дракону и посадите его в безопасную тайгу или зоопарк.

4. Телепортация: Если ваш дракон не может быть подавлен на маневренном расстоянии, попробуйте сделать его сеть или зона доступа для путешествий.

5. Физические приемы: Иногда драконьи способности можно извлечь из тех, что могут быть для него, в качестве приручителя.

6. Договор: Если все остальное не работает, попробуйте сформулировать договоренности между собой и вашим драконом, чтобы убедиться, что вы делаете правильные предпосылки.

7. Релаксация: Даже если дракон выглядит невообразимым, он может быть более тихим и calmее, если у вас есть места для отдыха.

8. Осторожно: Убедитесь, что ваш дракон все еще подерживается за личными границами.

Если у вас есть дополнительные вопросы или что-то конкретное, я всегда готов помочь!"
Что такое огурец?,"Огурец - это бакалавриатный фрукт, известный как грибок, который можно полить и подвергнуть корзинам созреванию. Он отличается сладким вкусом, яркими цветами (рыжий, желтый и оранжевый) и упругой текстурами. Огурец также часто используется как разнообразный промышленной растительностью, предназначенной для хранения различных продуктов и в пищевой промышленности."
